{
  "collected": 23,
  "tweets": [
    {
      "id": "1986257683629097225",
      "url": "https://x.com/guanlandai/status/1986257683629097225",
      "text": "Most \"vibe coding\"tools struggle to find real adoption in enterprises — they can't access internal knowledge.",
      "textHighlighted": "Most \"vibe coding\"tools - <mark>AI</mark>-led coding platform",
      "username": "guanlandai",
      "displayName": "guanlandai",
      "timeStr": "11月6日",
      "tweetTime": 1762502318775,
      "views": 321,
      "replies": 1,
      "retweets": 0,
      "likes": 3
    },
    {
      "id": "1986276690348167282",
      "url": "https://x.com/ReynoldDai/status/1986276690348167282",
      "text": "付鹏：家长能给孩子最重要的指引是学会用AI来学习",
      "textHighlighted": "付鹏：家长能给孩子最重要的指引是学会用<mark>AI</mark>来学习",
      "username": "ReynoldDai",
      "displayName": "ReynoldDai",
      "timeStr": "11月6日",
      "tweetTime": 1762502306266,
      "views": 34000,
      "replies": 2,
      "retweets": 23,
      "likes": 125
    },
    {
      "id": "1986512122780496056",
      "url": "https://x.com/dotey/status/1986512122780496056",
      "text": "The Pragmatic Engineer 最新的一篇文章，认为亚马逊这次裁员不是为了省钱买 GPU",
      "textHighlighted": "认为亚马逊这次裁员不是为了省钱买 <mark>GPU</mark>",
      "username": "dotey",
      "displayName": "宝玉",
      "timeStr": "12小时",
      "tweetTime": 1762459078742,
      "views": 250000,
      "replies": 77,
      "retweets": 179,
      "likes": 868
    }
  ],
  "config": {
    "keywords": 34,
    "targetCount": 30,
    "daysAgo": 3,
    "minViews": 100
  }
}
