{
  "collected": 2,
  "tweets": [
    {
      "id": "1986629933209383375",
      "url": "https://x.com/lxfater/status/1986629933209383375",
      "text": "Reddit 上有个老哥说，他用个 prompt 让 ChatGPT 不那么友好效果变得不错了\n\n下面是 prompt，收藏不谢\n\n---------...",
      "textHighlighted": "Reddit 上有个老哥说，他用个 prompt 让 Chat<mark>GPT</mark> 不那么友好效果变得不错了\n\n下面是 prompt，收藏不谢\n\n---------...",
      "username": "lxfater",
      "displayName": "铁锤人",
      "timeStr": "5小时",
      "tweetTime": 1762487421313,
      "views": 26000,
      "replies": 7,
      "retweets": 56,
      "likes": 288
    },
    {
      "id": "1986577495899185252",
      "url": "https://x.com/aigclink/status/1986577495899185252",
      "text": "谷歌给Gemini塞了个私人知识库外挂，全托管的RAG：File Search Tool，无需自建向量库、分块、嵌入等，即可把私有文件直接变成Gemini的知识库\n\n把复杂的RAG过程打包成了一个服务，直接集成到了Gemini API里\n\n查询时的存储和嵌入生成免费，在首次索引文件时支付嵌入生成费用，每百万 token 0.15 美元",
      "textHighlighted": "谷歌给<mark>Gemini</mark>塞了个私人知识库外挂，全托管的<mark>RAG</mark>：File Search Tool，无需自建向量库、分块、嵌入等，即可把私有文件直接变成<mark>Gemini</mark>的知识库\n\n把复杂的<mark>RAG</mark>过程打包成了一个服务，直接集成到了<mark>Gemini</mark> API里\n\n查询时的存储和嵌入生成免费，在首次索引文件时支付嵌入生成费用，每百万 token 0.15 美元",
      "username": "aigclink",
      "displayName": "AIGCLINK",
      "timeStr": "9小时",
      "tweetTime": 1762473021313,
      "views": 30000,
      "replies": 1,
      "retweets": 41,
      "likes": 201
    }
  ],
  "config": {
    "keywords": 32,
    "targetCount": 2,
    "daysAgo": 3,
    "minViews": 100
  }
}
