{
  "collected": 3,
  "tweets": [
    {
      "id": "1988974503763005675",
      "url": "https://x.com/oran_ge/status/1988974503763005675",
      "text": "国内第一个采用 Gemini 这种原生全模态架构的模型，竟然是百度做的。\n即便是不采用全模态的，支持图片理解的，也只有豆包而已\n其他模型还停留在瞎眼时代...\n大家都要加把劲啊",
      "textHighlighted": "国内第一个采用 <mark>Gemini</mark> 这种原生全模态架构的模型，竟然是百度做的。\n即便是不采用全模态的，支持图片理解的，也只有豆包而已\n其他模型还停留在瞎眼时代...\n大家都要加把劲啊",
      "username": "oran_ge",
      "displayName": "Orange AI",
      "timeStr": "2025/11/13 22:17:29",
      "tweetTime": 1763043449000,
      "views": 13000,
      "replies": 11,
      "retweets": 5,
      "likes": 41
    },
    {
      "id": "1988966396609601790",
      "url": "https://x.com/berryxia_ai/status/1988966396609601790",
      "text": "最近 Gemini 3 被鬼佬炒的沸沸扬扬！简直了！\n\n听说它自带的 Canvas 功能可以体验Gemini 3，我做了个 SVG 动画的小 demo！\n亲测能玩，制作了小视频，记得一键三连！\n\n不想错过的朋友，详细步骤我都整理好了，跟着做就能拥有专属你的趣味动画！  \n1. 打开 Gemini 官网，直接输入你的制作 Prompt。",
      "textHighlighted": "最近 <mark>Gemini</mark> 3 被鬼佬炒的沸沸扬扬！简直了！\n\n听说它自带的 Canvas 功能可以体验<mark>Gemini</mark> 3，我做了个 SVG 动画的小 demo！\n亲测能玩，制作了小视频，记得一键三连！\n\n不想错过的朋友，详细步骤我都整理好了，跟着做就能拥有专属你的趣味动画！  \n1. 打开 <mark>Gemini</mark> 官网，直接输入你的制作 Prompt。",
      "username": "berryxia_ai",
      "displayName": "Berryxia.AI",
      "timeStr": "2025/11/13 21:45:16",
      "tweetTime": 1763041516000,
      "views": 8044,
      "replies": 3,
      "retweets": 9,
      "likes": 52
    },
    {
      "id": "1988846609279357425",
      "url": "https://x.com/xiaoxxchan/status/1988846609279357425",
      "text": "Skills 真是 prompt engineering 第二春……\n\n挺没想到这么一个显然 work 的 idea 会获得这么大关注（又是跨越鸿沟的一集了）\n\n感觉这篇一年前的实践就已经完全有这个意思了：\n\nhttps://\nyage.ai/cursor-to-devi\nn.html\n…",
      "textHighlighted": "Skills 真是 prompt engineering 第二春……\n\n挺没想到这么一个显然 work 的 idea 会获得这么大关注（又是跨越鸿沟的一集了）\n\n感觉这篇一年前的实践就已经完全有这个意思了：\n\nhttps://\nyage.ai/<mark>cursor</mark>-to-devi\nn.html\n…",
      "username": "xiaoxxchan",
      "displayName": "xxchan",
      "timeStr": "2025/11/13 13:49:17",
      "tweetTime": 1763012957000,
      "views": 4862,
      "replies": 2,
      "retweets": 0,
      "likes": 50
    }
  ],
  "config": {
    "keywords": 32,
    "targetCount": 20,
    "daysAgo": 3,
    "minViews": 100
  }
}
